code,system
G38..00,readv2
G301100,readv2
G380.00,readv2
3233,readv2
G311000,readv2
G311.00,readv2
G30y200,readv2
G384.00,readv2
3232,readv2
G312.00,readv2
G350.00,readv2
G35..00,readv2
G310.00,readv2
G353.00,readv2
G307000,readv2
G309.00,readv2
14A4.00,readv2
G381.00,readv2
G307.00,readv2
G32..00,readv2
G30y.00,readv2
14A3.00,readv2
G301000,readv2
G301.00,readv2
14AH.00,readv2
G30..00,readv2
323..00,readv2
G30y000,readv2
3235,readv2
G351.00,readv2
7920300,readv2
7922000,readv2
7920y00,readv2
7920000,readv2
7922100,readv2
7922300,readv2
7922,readv2
7920,readv2
7920100,readv2
K0z..00,readv2
792Dz00,readv2
7926z00,readv2
7928z00,readv2
G3z..00,readv2
G330z00,readv2
Gyu6G00,readv2
G301z00,readv2
G34z.00,readv2
ZV45L00,readv2
7922z00,readv2
G34yz00,readv2
7924z00,readv2
G305.00,readv2
G6W..00,readv2
G33zz00,readv2
322Z.00,readv2
7929z00,readv2
G304.00,readv2
G6X..00,readv2
792Bz00,readv2
G30z.00,readv2
7927z00,readv2
G30yz00,readv2
792Cz00,readv2
G31yz00,readv2
Gyu6500,readv2
7923z00,readv2
323Z.00,readv2
Gyu6300,readv2
792z.00,readv2
792Az00,readv2
G311z00,readv2
7920z00,readv2
G308.00,readv2
7921z00,readv2
Gyu6600,readv2
G33z.00,readv2
7925z00,readv2
792Dy00,readv2
G34y.00,readv2
792Cy00,readv2
7927y00,readv2
7924y00,readv2
792y.00,readv2
7922y00,readv2
G3y..00,readv2
G31y200,readv2
G33z700,readv2
G330000,readv2
G33z300,readv2
G311200,readv2
G331.00,readv2
G33z600,readv2
G311300,readv2
662K.00,readv2
G311400,readv2
G311100,readv2
7929200,readv2
7929000,readv2
7928100,readv2
7929600,readv2
7929100,readv2
7928200,readv2
792A000,readv2
7928000,readv2
G340000,readv2
G340100,readv2
7924500,readv2
7925200,readv2
7926300,readv2
7925400,readv2
ZV45800,readv2
7925100,readv2
7921200,readv2
7924200,readv2
7922200,readv2
7920200,readv2
7923200,readv2
G340.00,readv2
792A100,readv2
G332.00,readv2
G366.00,readv2
G362.00,readv2
G363.00,readv2
G364.00,readv2
G365.00,readv2
G36..00,readv2
G360.00,readv2
G361.00,readv2
7929y00,readv2
7929,readv2
792C.00,readv2
792C000,readv2
173A.00,readv2
14B4.00,readv2
1O2..00,readv2
G300.00,readv2
G30B.00,readv2
G302.00,readv2
3236,readv2
7929300,readv2
7927500,readv2
14AJ.00,readv2
Gyu3300,readv2
Gyu3000,readv2
Gyu3600,readv2
Gyu6F00,readv2
G38z.00,readv2
Gyu3400,readv2
G30X.00,readv2
G35X.00,readv2
792..00,readv2
7927,readv2
G33z200,readv2
F423600,readv2
G342.00,readv2
K0C0.00,readv2
14B3.00,readv2
14V2.00,readv2
G63y000,readv2
Gyu6400,readv2
G63y100,readv2
G676000,readv2
ZV45K00,readv2
ZV45700,readv2
G31y300,readv2
G34y100,readv2
3222,readv2
322..00,readv2
G344.00,readv2
14AM.00,readv2
14A6.00,readv2
792B000,readv2
7926,readv2
7921100,readv2
7925y00,readv2
7925,readv2
7921300,readv2
7921000,readv2
14A7.00,readv2
14AK.00,readv2
7923100,readv2
7923000,readv2
7923,readv2
7923300,readv2
7929400,readv2
7929500,readv2
7928y00,readv2
7928,readv2
792A.00,readv2
792Ay00,readv2
G33z400,readv2
14AL.00,readv2
G343.00,readv2
G3...00,readv2
Gyu3.00,readv2
G330.00,readv2
7924100,readv2
7924000,readv2
7924,readv2
7924300,readv2
7925300,readv2
7926200,readv2
7926000,readv2
7925000,readv2
G33..00,readv2
14A5.00,readv2
792D.00,readv2
3234,readv2
G33z500,readv2
G306.00,readv2
G303.00,readv2
792By00,readv2
792B.00,readv2
G311500,readv2
G31y.00,readv2
Gyu3200,readv2
G31..00,readv2
7921y00,readv2
7921,readv2
14AB.00,readv2
G33z000,readv2
G307100,readv2
G30X000,readv2
G33z100,readv2
G34z000,readv2
Gyu6200,readv2
G30y100,readv2
G34..00,readv2
G31y000,readv2
G34y000,readv2
G31y100,readv2
14AN.00,readv2
G30A.00,readv2